learner_id,certified,certification_probability,outcome_reason,total_sessions,final_overall_score,avg_last5_score
SKV-0001,0,0.08,passed,31,57.88,61.838
SKV-0002,0,0.08,passed,28,38.64,45.686
SKV-0003,0,0.08,passed,24,62.74,56.438
SKV-0004,0,0.08,low_overall_score,27,66.75,60.746
SKV-0005,1,0.75,passed,32,74.54,76.364
SKV-0006,0,0.08,low_overall_score,32,61.11,61.784000000000006
SKV-0007,0,0.08,low_overall_score,31,54.13,56.40400000000001
SKV-0008,0,0.08,low_overall_score,30,50.92,51.02
SKV-0009,0,0.08,passed,33,33.24,44.00600000000001
SKV-0010,1,0.75,passed,32,78.92,69.076
SKV-0011,0,0.08,passed,27,40.79,51.49400000000001
SKV-0012,0,0.08,low_overall_score,29,59.68,64.572
SKV-0013,0,0.08,low_overall_score,35,29.59,46.326
SKV-0014,0,0.08,low_overall_score,31,56.74,63.97600000000001
SKV-0015,0,0.08,passed,40,69.11,54.39
SKV-0016,0,0.08,low_overall_score,35,53.58,52.098
SKV-0017,0,0.25,low_overall_score,28,72.46,61.902
SKV-0018,1,0.5,inconsistent_performance,14,77.41,66.90599999999999
SKV-0019,0,0.08,low_overall_score,32,60.12,51.548
SKV-0020,0,0.08,passed,40,47.61,58.834
SKV-0021,0,0.08,"weak_params:work_angle,travel_angle,travel_speed,contact_tip_distance,arc_length,bead_quality",34,62.02,68.18599999999999
SKV-0022,0,0.08,low_overall_score,21,56.24,57.866
SKV-0023,0,0.08,passed,34,55.61,54.102
SKV-0024,0,0.08,passed,32,67.06,58.202
SKV-0025,1,0.75,inconsistent_performance,17,80.91,65.41199999999999
SKV-0026,1,0.75,passed,31,81.66,83.53399999999999
SKV-0027,1,0.92,passed,30,83.16,82.81800000000001
SKV-0028,0,0.08,low_overall_score,37,40.69,41.228
SKV-0029,1,0.5,low_overall_score,22,83.43,62.88399999999999
SKV-0030,0,0.08,low_overall_score,41,73.47,56.20399999999999
SKV-0031,0,0.08,low_overall_score,25,59.26,62.52199999999999
SKV-0032,1,0.75,passed,21,81.77,77.752
SKV-0033,1,0.5,passed,33,74.1,71.60799999999999
SKV-0034,0,0.25,"weak_params:travel_speed,bead_quality",26,72.43,73.45400000000001
SKV-0035,1,0.5,"weak_params:travel_angle,travel_speed",18,74.73,65.738
SKV-0036,1,0.92,passed,31,88.74,81.978
SKV-0037,0,0.08,low_overall_score,32,65.49,64.022
SKV-0038,0,0.08,low_overall_score,23,65.22,60.574
SKV-0039,0,0.08,low_overall_score,33,67.22,64.9
SKV-0040,0,0.08,low_overall_score,26,47.33,50.19
SKV-0041,0,0.08,passed,28,58.53,53.30999999999999
SKV-0042,0,0.08,low_overall_score,34,67.44,54.736
SKV-0043,1,0.75,passed,31,79.84,76.08
SKV-0044,0,0.08,"weak_params:work_angle,travel_angle,contact_tip_distance,bead_quality",22,63.44,65.9
SKV-0045,1,0.92,passed,29,88.54,81.16600000000001
SKV-0046,0,0.08,"weak_params:work_angle,travel_angle,travel_speed",13,68.41,66.208
SKV-0047,1,0.92,marginal_fail,33,81.6,73.08800000000001
SKV-0048,1,0.75,"weak_params:work_angle,contact_tip_distance,arc_length",21,73.47,86.098
SKV-0049,0,0.25,"weak_params:travel_speed,contact_tip_distance,arc_length,bead_quality",25,71.57,71.944
SKV-0050,0,0.25,"weak_params:work_angle,travel_angle,travel_speed,contact_tip_distance,arc_length",28,63.5,66.476
SKV-0051,0,0.25,"weak_params:travel_speed,contact_tip_distance,arc_length",26,71.6,67.50999999999999
SKV-0052,0,0.5,passed,34,70.09,72.138
SKV-0053,0,0.08,low_overall_score,32,55.61,60.29600000000001
SKV-0054,0,0.25,weak_params:travel_angle,31,84.71,73.63199999999999
SKV-0055,0,0.08,"weak_params:travel_angle,arc_length",19,70.8,66.16600000000001
SKV-0056,1,0.75,passed,26,74.34,78.64200000000001
SKV-0057,0,0.08,low_overall_score,34,65.24,64.326
SKV-0058,1,0.92,marginal_fail,28,84.19,79.554
SKV-0059,0,0.08,low_overall_score,28,60.43,64.162
SKV-0060,0,0.08,passed,34,54.16,58.21
SKV-0061,0,0.25,"weak_params:work_angle,travel_speed,contact_tip_distance",17,70.23,67.218
SKV-0062,1,0.92,marginal_fail,29,90.44,81.108
SKV-0063,0,0.08,passed,31,68.27,72.07199999999999
SKV-0064,0,0.08,"weak_params:travel_angle,travel_speed,contact_tip_distance,arc_length,bead_quality",22,57.87,66.806
SKV-0065,0,0.08,"weak_params:contact_tip_distance,bead_quality",22,72.45,72.054
SKV-0066,0,0.08,"weak_params:work_angle,travel_angle,travel_speed,arc_length,bead_quality",30,60.68,72.58200000000001
SKV-0067,0,0.08,low_overall_score,27,60.61,54.35600000000001
SKV-0068,0,0.08,low_overall_score,35,66.58,50.052
SKV-0069,0,0.25,"weak_params:work_angle,contact_tip_distance",20,73.93,68.164
SKV-0070,1,0.5,passed,23,69.16,78.088
SKV-0071,0,0.25,"weak_params:work_angle,travel_angle,travel_speed,contact_tip_distance,arc_length,bead_quality",28,59.35,77.65200000000002
SKV-0072,0,0.08,"weak_params:work_angle,travel_angle,travel_speed,arc_length,bead_quality",28,64.0,67.26
SKV-0073,0,0.08,low_overall_score,24,60.11,53.002
SKV-0074,0,0.25,low_overall_score,27,78.63,62.370000000000005
SKV-0075,0,0.08,"weak_params:work_angle,travel_angle,travel_speed,contact_tip_distance,arc_length,bead_quality",18,59.81,67.088
SKV-0076,1,0.75,weak_params:work_angle,22,78.45,74.33
SKV-0077,0,0.08,low_overall_score,21,59.91,63.53599999999999
SKV-0078,0,0.08,"weak_params:travel_angle,contact_tip_distance,arc_length",25,66.59,75.17
SKV-0079,0,0.25,passed,17,71.54,70.316
SKV-0080,0,0.25,low_overall_score,31,73.98,50.470000000000006
SKV-0081,0,0.25,"weak_params:work_angle,travel_angle,travel_speed,contact_tip_distance,bead_quality",31,67.58,72.208
SKV-0082,0,0.5,weak_params:travel_speed,27,74.54,74.44
SKV-0083,0,0.08,low_overall_score,27,43.55,52.44
SKV-0084,0,0.08,"weak_params:work_angle,travel_angle,arc_length,bead_quality",31,66.67,68.59400000000001
SKV-0085,0,0.25,passed,16,70.02,63.102
SKV-0086,0,0.25,"weak_params:travel_angle,contact_tip_distance,bead_quality",25,72.14,70.088
SKV-0087,0,0.08,"weak_params:travel_angle,travel_speed",23,75.67,71.836
SKV-0088,0,0.08,low_overall_score,29,59.09,56.258
SKV-0089,0,0.08,low_overall_score,19,61.91,63.148
SKV-0090,0,0.08,"weak_params:work_angle,contact_tip_distance,arc_length",30,70.73,65.728
SKV-0091,0,0.08,low_overall_score,32,62.94,56.17
SKV-0092,0,0.25,passed,18,74.6,69.728
SKV-0093,0,0.08,low_overall_score,33,63.2,63.462
SKV-0094,1,0.75,passed,25,70.42,76.504
SKV-0095,0,0.25,passed,18,64.27,57.094
SKV-0096,0,0.08,passed,21,68.33,65.556
SKV-0097,0,0.08,"weak_params:work_angle,travel_angle,travel_speed,contact_tip_distance,arc_length,bead_quality",31,60.04,66.04
SKV-0098,0,0.25,passed,31,78.56,69.85
SKV-0099,0,0.08,low_overall_score,29,65.49,62.776
SKV-0100,1,0.92,passed,17,84.72,78.076
SKV-0101,1,0.75,"weak_params:contact_tip_distance,arc_length",25,72.67,76.334
SKV-0102,0,0.08,low_overall_score,25,60.54,59.352
SKV-0103,0,0.08,weak_params:work_angle,15,75.2,66.30799999999999
SKV-0104,0,0.08,passed,34,58.21,64.304
SKV-0105,1,0.92,passed,22,88.67,81.256
SKV-0106,0,0.08,passed,31,56.13,61.502
SKV-0107,0,0.25,"weak_params:work_angle,travel_angle,bead_quality",20,68.29,69.918
SKV-0108,0,0.08,passed,21,64.14,63.606
SKV-0109,0,0.08,passed,32,68.04,69.516
SKV-0110,0,0.08,low_overall_score,14,67.81,61.872
SKV-0111,0,0.08,low_overall_score,23,62.18,56.302
SKV-0112,1,0.92,marginal_fail,21,86.97,87.8
SKV-0113,0,0.08,low_overall_score,32,56.7,50.062
SKV-0114,0,0.08,low_overall_score,29,64.09,64.482
SKV-0115,0,0.08,passed,27,50.93,51.392
SKV-0116,0,0.08,low_overall_score,27,48.88,54.464
SKV-0117,0,0.08,low_overall_score,21,65.2,58.132000000000005
SKV-0118,0,0.08,low_overall_score,27,34.91,45.68
SKV-0119,1,0.75,weak_params:travel_speed,15,75.76,76.124
SKV-0120,0,0.08,low_overall_score,34,46.04,49.026
SKV-0121,0,0.08,low_overall_score,25,56.88,52.248000000000005
SKV-0122,0,0.25,passed,27,72.79,55.04200000000001
SKV-0123,0,0.08,low_overall_score,20,68.73,62.24399999999999
SKV-0124,0,0.08,low_overall_score,35,48.15,47.048
SKV-0125,0,0.08,low_overall_score,32,31.98,35.739999999999995
SKV-0126,0,0.08,low_overall_score,28,56.24,57.154
SKV-0127,0,0.08,low_overall_score,24,55.47,57.80799999999999
SKV-0128,0,0.25,weak_params:bead_quality,27,73.85,74.102
SKV-0129,0,0.08,low_overall_score,13,68.2,54.334
SKV-0130,0,0.08,low_overall_score,23,54.44,54.318
SKV-0131,0,0.08,low_overall_score,32,54.26,54.970000000000006
SKV-0132,0,0.08,low_overall_score,24,65.04,58.524
SKV-0133,0,0.08,"weak_params:work_angle,contact_tip_distance,bead_quality",22,67.71,75.31199999999998
SKV-0134,0,0.08,low_overall_score,35,63.1,62.134
SKV-0135,1,0.92,marginal_fail,24,83.23,77.298
SKV-0136,1,0.75,inconsistent_performance,29,79.72,70.006
SKV-0137,1,0.92,passed,29,84.62,77.62
SKV-0138,0,0.08,"weak_params:work_angle,travel_angle,travel_speed,contact_tip_distance,arc_length,bead_quality",26,57.01,69.326
SKV-0139,0,0.08,low_overall_score,36,58.8,53.316
SKV-0140,0,0.5,passed,23,66.63,75.674
SKV-0141,0,0.08,low_overall_score,21,62.09,56.870000000000005
SKV-0142,0,0.08,low_overall_score,13,59.74,62.394000000000005
SKV-0143,1,0.75,weak_params:arc_length,27,90.53,86.726
SKV-0144,0,0.08,passed,32,53.03,64.184
SKV-0145,0,0.08,low_overall_score,31,56.63,58.978
SKV-0146,1,0.5,weak_params:work_angle,27,84.34,74.15
SKV-0147,0,0.08,low_overall_score,37,35.85,54.36
SKV-0148,0,0.08,low_overall_score,32,51.31,60.026
SKV-0149,0,0.08,low_overall_score,32,54.52,49.596
SKV-0150,0,0.08,low_overall_score,24,61.69,56.05799999999999
SKV-0151,1,0.75,passed,35,79.3,81.024
SKV-0152,0,0.25,passed,22,66.08,56.30800000000001
SKV-0153,0,0.08,low_overall_score,20,63.35,60.614
SKV-0154,1,0.75,passed,25,84.56,80.92600000000002
SKV-0155,0,0.08,"weak_params:work_angle,travel_angle,travel_speed,arc_length",14,66.93,65.066
SKV-0156,0,0.08,low_overall_score,22,69.07,64.838
SKV-0157,0,0.08,"weak_params:work_angle,travel_angle,travel_speed,contact_tip_distance,arc_length,bead_quality",31,60.31,65.10600000000001
SKV-0158,0,0.08,low_overall_score,24,39.27,44.852
SKV-0159,0,0.08,low_overall_score,33,47.21,58.004
SKV-0160,0,0.25,weak_params:bead_quality,20,77.49,72.456
SKV-0161,0,0.08,low_overall_score,21,60.37,59.614
SKV-0162,0,0.25,"weak_params:travel_angle,contact_tip_distance,bead_quality",29,69.43,70.94
SKV-0163,0,0.25,low_overall_score,37,71.08,56.102
SKV-0164,0,0.08,low_overall_score,31,57.77,58.2
SKV-0165,0,0.08,low_overall_score,29,57.6,56.58
SKV-0166,0,0.08,passed,26,45.54,55.438
SKV-0167,0,0.08,"weak_params:work_angle,travel_angle,travel_speed,contact_tip_distance,arc_length,bead_quality",32,55.29,66.51
SKV-0168,0,0.08,low_overall_score,26,72.93,64.076
SKV-0169,0,0.08,low_overall_score,28,57.75,60.65
SKV-0170,0,0.08,low_overall_score,23,54.26,49.782
SKV-0171,0,0.08,low_overall_score,28,65.34,64.316
SKV-0172,0,0.25,weak_params:travel_speed,34,72.26,66.852
SKV-0173,0,0.08,passed,30,65.32,69.83000000000001
SKV-0174,0,0.08,"weak_params:travel_speed,arc_length,bead_quality",15,69.04,65.67800000000001
SKV-0175,0,0.08,low_overall_score,25,49.76,56.11
SKV-0176,0,0.25,"weak_params:contact_tip_distance,arc_length,bead_quality",28,69.83,78.772
SKV-0177,1,0.75,passed,37,78.76,83.33
SKV-0178,0,0.25,weak_params:arc_length,27,73.1,71.874
SKV-0179,1,0.5,"weak_params:travel_speed,arc_length",19,74.52,70.374
SKV-0180,0,0.08,"weak_params:work_angle,travel_speed,contact_tip_distance,bead_quality",20,67.12,68.09200000000001
SKV-0181,0,0.08,low_overall_score,32,46.79,56.174
SKV-0182,1,0.75,weak_params:travel_speed,37,79.57,76.068
SKV-0183,0,0.08,low_overall_score,34,68.5,62.076
SKV-0184,0,0.08,passed,29,56.99,64.342
SKV-0185,0,0.5,"weak_params:travel_angle,bead_quality",16,74.11,71.56
SKV-0186,0,0.08,low_overall_score,28,71.75,61.69000000000001
SKV-0187,0,0.08,passed,28,62.79,61.42
SKV-0188,0,0.08,low_overall_score,31,48.21,55.718
SKV-0189,0,0.08,low_overall_score,34,57.08,63.992
SKV-0190,0,0.08,low_overall_score,42,66.16,46.678
SKV-0191,1,0.75,low_overall_score,32,82.72,58.16
SKV-0192,0,0.08,low_overall_score,33,61.38,60.148
SKV-0193,0,0.25,passed,13,72.59,73.31200000000001
SKV-0194,0,0.08,low_overall_score,32,65.93,63.77
SKV-0195,0,0.08,low_overall_score,36,53.05,56.604
SKV-0196,1,0.92,passed,39,87.96,78.314
SKV-0197,0,0.08,low_overall_score,33,66.78,57.004
SKV-0198,0,0.5,passed,31,75.01,71.95
SKV-0199,0,0.08,low_overall_score,15,68.42,64.932
SKV-0200,0,0.08,low_overall_score,16,56.88,60.982000000000006
SKV-0201,0,0.08,low_overall_score,25,53.47,59.992
SKV-0202,0,0.08,low_overall_score,25,56.02,64.486
SKV-0203,0,0.08,low_overall_score,34,58.79,63.37800000000001
SKV-0204,0,0.08,low_overall_score,31,43.87,51.84
SKV-0205,1,0.75,marginal_fail,31,87.7,72.178
SKV-0206,0,0.08,low_overall_score,27,47.91,44.388
SKV-0207,1,0.92,marginal_fail,25,84.84,76.912
SKV-0208,0,0.08,"weak_params:contact_tip_distance,bead_quality",24,69.73,67.882
SKV-0209,0,0.08,passed,41,61.51,51.378
SKV-0210,0,0.08,low_overall_score,31,59.84,61.198
SKV-0211,0,0.08,low_overall_score,33,29.95,40.124
SKV-0212,0,0.08,low_overall_score,36,67.92,63.658
SKV-0213,0,0.08,low_overall_score,35,49.68,49.10600000000001
SKV-0214,0,0.08,low_overall_score,35,47.3,37.486
SKV-0215,0,0.25,passed,32,59.79,61.054
SKV-0216,0,0.08,"weak_params:work_angle,travel_angle,arc_length,bead_quality",21,68.03,66.774
SKV-0217,1,0.92,marginal_fail,35,79.06,74.924
SKV-0218,0,0.08,low_overall_score,23,43.15,54.624
SKV-0219,0,0.08,passed,37,41.11,46.768
SKV-0220,1,0.75,inconsistent_performance,22,81.83,67.384
SKV-0221,0,0.08,low_overall_score,29,60.33,58.056
SKV-0222,0,0.08,low_overall_score,34,56.14,63.962
SKV-0223,0,0.08,low_overall_score,15,66.87,61.636
SKV-0224,0,0.08,low_overall_score,26,63.61,59.686
SKV-0225,0,0.08,passed,31,55.33,60.146
SKV-0226,0,0.08,low_overall_score,24,56.4,57.70799999999999
SKV-0227,0,0.08,low_overall_score,21,58.72,55.646
SKV-0228,0,0.08,low_overall_score,37,56.4,51.602
SKV-0229,0,0.08,low_overall_score,13,65.47,63.652
SKV-0230,1,0.92,passed,22,88.12,85.162
SKV-0231,0,0.08,low_overall_score,20,37.62,41.536
SKV-0232,0,0.08,low_overall_score,42,43.22,52.79200000000001
SKV-0233,0,0.08,"weak_params:arc_length,bead_quality",35,76.27,67.582
SKV-0234,0,0.08,low_overall_score,37,64.6,64.93799999999999
SKV-0235,0,0.08,"weak_params:work_angle,travel_angle,travel_speed,contact_tip_distance,bead_quality",24,60.75,66.916
SKV-0236,0,0.08,passed,35,68.19,66.924
SKV-0237,1,0.5,weak_params:work_angle,34,74.74,69.358
SKV-0238,1,0.5,passed,23,77.51,75.896
SKV-0239,0,0.25,passed,24,77.54,69.79
SKV-0240,0,0.08,low_overall_score,26,66.4,62.79600000000001
SKV-0241,0,0.08,low_overall_score,27,67.8,64.24199999999999
SKV-0242,0,0.08,passed,33,42.31,42.382
SKV-0243,0,0.08,"weak_params:work_angle,travel_speed,arc_length,bead_quality",33,68.26,65.696
SKV-0244,0,0.08,"weak_params:work_angle,travel_angle,travel_speed,contact_tip_distance,arc_length",31,63.36,65.372
SKV-0245,0,0.08,"weak_params:work_angle,travel_angle,travel_speed,contact_tip_distance,arc_length,bead_quality",19,60.48,65.06
SKV-0246,1,0.92,passed,22,81.65,76.67999999999999
SKV-0247,0,0.08,low_overall_score,26,53.94,57.634
SKV-0248,0,0.08,"weak_params:work_angle,travel_angle,travel_speed,contact_tip_distance,arc_length",29,58.14,71.28
SKV-0249,0,0.08,low_overall_score,35,49.79,53.508
SKV-0250,0,0.08,low_overall_score,25,51.45,51.398
SKV-0251,0,0.08,"weak_params:work_angle,travel_speed,contact_tip_distance,arc_length,bead_quality",34,63.52,65.522
SKV-0252,0,0.25,passed,25,73.11,73.60799999999999
SKV-0253,0,0.08,low_overall_score,30,55.36,55.446000000000005
SKV-0254,0,0.08,low_overall_score,32,58.1,61.936
SKV-0255,0,0.08,low_overall_score,13,58.71,57.364
SKV-0256,0,0.08,passed,27,73.25,64.04400000000001
SKV-0257,0,0.25,passed,29,73.97,70.65599999999999
SKV-0258,0,0.08,low_overall_score,24,55.14,55.056
SKV-0259,0,0.5,weak_params:work_angle,30,74.65,76.304
SKV-0260,0,0.08,"weak_params:work_angle,travel_angle,arc_length,bead_quality",31,65.88,72.84
SKV-0261,0,0.08,low_overall_score,31,54.56,54.04600000000001
SKV-0262,0,0.08,low_overall_score,40,49.48,46.86
SKV-0263,0,0.08,low_overall_score,29,45.42,47.718
SKV-0264,0,0.25,passed,27,67.63,59.856
SKV-0265,0,0.08,low_overall_score,28,69.11,62.5
SKV-0266,0,0.08,low_overall_score,29,69.2,64.634
SKV-0267,0,0.08,low_overall_score,23,51.89,54.15
SKV-0268,0,0.08,"weak_params:work_angle,travel_angle,travel_speed,contact_tip_distance,arc_length,bead_quality",27,62.45,65.408
SKV-0269,0,0.08,low_overall_score,35,50.19,60.356
SKV-0270,0,0.5,passed,21,77.45,70.524
SKV-0271,0,0.08,low_overall_score,31,62.13,57.028
SKV-0272,0,0.08,low_overall_score,28,63.3,54.08399999999999
SKV-0273,1,0.75,passed,27,69.69,76.32
SKV-0274,0,0.25,passed,34,76.0,74.97
SKV-0275,0,0.08,"weak_params:work_angle,travel_angle,travel_speed,contact_tip_distance,bead_quality",27,60.49,68.11800000000001
SKV-0276,0,0.08,low_overall_score,36,42.85,57.03000000000001
SKV-0277,0,0.08,low_overall_score,24,43.98,58.724
SKV-0278,0,0.08,low_overall_score,31,56.08,58.85
SKV-0279,0,0.08,low_overall_score,27,62.63,56.462
SKV-0280,0,0.08,low_overall_score,29,55.72,60.88399999999999
SKV-0281,0,0.08,"weak_params:arc_length,bead_quality",31,74.88,74.088
SKV-0282,0,0.08,passed,25,62.1,58.85200000000001
SKV-0283,0,0.08,passed,20,64.77,57.918000000000006
SKV-0284,0,0.08,low_overall_score,35,57.01,57.146
SKV-0285,0,0.08,"weak_params:work_angle,travel_speed,bead_quality",23,69.84,67.364
SKV-0286,0,0.08,low_overall_score,26,55.72,63.016000000000005
SKV-0287,0,0.08,low_overall_score,36,44.12,59.29
SKV-0288,1,0.92,passed,24,91.48,88.874
SKV-0289,0,0.08,low_overall_score,25,34.54,42.526
SKV-0290,0,0.5,weak_params:work_angle,20,79.4,79.696
SKV-0291,0,0.25,low_overall_score,32,73.55,64.176
SKV-0292,0,0.08,low_overall_score,17,57.99,59.272000000000006
SKV-0293,1,0.92,marginal_fail,31,84.36,79.34400000000001
SKV-0294,0,0.25,low_overall_score,27,71.16,61.804
SKV-0295,0,0.25,"weak_params:work_angle,travel_speed,arc_length",22,68.33,73.674
SKV-0296,0,0.08,low_overall_score,19,56.38,60.376
SKV-0297,0,0.08,"weak_params:travel_angle,contact_tip_distance,arc_length",23,70.61,67.66400000000002
SKV-0298,0,0.25,"weak_params:travel_angle,travel_speed",17,76.71,71.178
SKV-0299,0,0.08,"weak_params:work_angle,travel_speed,contact_tip_distance,bead_quality",30,66.23,66.748
SKV-0300,0,0.08,low_overall_score,26,57.96,54.856
SKV-0301,0,0.08,low_overall_score,37,64.79,57.614
SKV-0302,0,0.08,"weak_params:work_angle,travel_angle,travel_speed,contact_tip_distance,arc_length,bead_quality",25,61.89,66.984
SKV-0303,0,0.25,"weak_params:travel_speed,contact_tip_distance,arc_length",25,72.62,73.146
SKV-0304,0,0.08,low_overall_score,31,55.62,58.77
SKV-0305,0,0.5,"weak_params:travel_angle,arc_length",13,71.11,75.304
SKV-0306,0,0.08,low_overall_score,35,58.1,56.07000000000001
SKV-0307,0,0.08,passed,29,60.08,69.056
SKV-0308,0,0.08,"weak_params:work_angle,travel_angle,travel_speed,contact_tip_distance,bead_quality",25,63.35,65.64200000000001
SKV-0309,0,0.25,weak_params:bead_quality,31,79.17,65.27000000000001
SKV-0310,0,0.25,"weak_params:work_angle,travel_speed,contact_tip_distance,arc_length,bead_quality",19,69.02,67.738
SKV-0311,0,0.08,passed,25,62.75,64.596
SKV-0312,0,0.08,low_overall_score,28,68.67,62.794
SKV-0313,0,0.08,passed,26,59.27,58.976
SKV-0314,0,0.25,"weak_params:travel_speed,contact_tip_distance",31,70.19,74.058
SKV-0315,0,0.08,passed,16,57.46,55.464
SKV-0316,0,0.08,low_overall_score,21,59.51,57.538
SKV-0317,0,0.08,"weak_params:work_angle,travel_angle,contact_tip_distance,arc_length,bead_quality",27,63.64,66.434
SKV-0318,1,0.92,marginal_fail,32,84.69,79.126
SKV-0319,0,0.08,low_overall_score,23,58.69,52.356
SKV-0320,0,0.08,low_overall_score,28,58.66,64.636
SKV-0321,0,0.08,low_overall_score,25,43.42,45.396
SKV-0322,0,0.08,low_overall_score,25,63.38,52.406000000000006
SKV-0323,0,0.25,passed,15,75.2,69.65599999999999
SKV-0324,0,0.08,"weak_params:work_angle,contact_tip_distance,arc_length,bead_quality",37,68.44,66.994
SKV-0325,0,0.08,low_overall_score,37,65.18,58.648
SKV-0326,0,0.08,passed,28,65.18,61.106
SKV-0327,0,0.08,low_overall_score,29,61.92,58.708000000000006
SKV-0328,0,0.08,low_overall_score,30,60.38,64.084
SKV-0329,0,0.08,low_overall_score,23,67.46,61.45399999999999
SKV-0330,0,0.08,low_overall_score,33,77.15,57.762
SKV-0331,0,0.08,"weak_params:contact_tip_distance,arc_length,bead_quality",26,69.38,68.076
SKV-0332,0,0.08,low_overall_score,28,65.05,56.618
SKV-0333,0,0.08,low_overall_score,22,62.86,54.806
SKV-0334,0,0.08,low_overall_score,26,66.8,56.142
SKV-0335,0,0.08,low_overall_score,34,65.1,64.95599999999999
SKV-0336,0,0.08,"weak_params:travel_speed,contact_tip_distance,arc_length",31,66.52,65.846
SKV-0337,0,0.08,low_overall_score,30,45.19,53.33799999999999
SKV-0338,0,0.08,passed,33,62.78,61.554
SKV-0339,0,0.08,"weak_params:work_angle,travel_speed,contact_tip_distance,bead_quality",22,67.81,67.23400000000001
SKV-0340,0,0.08,low_overall_score,21,67.96,57.556
SKV-0341,0,0.08,low_overall_score,22,67.83,52.79599999999999
SKV-0342,1,0.75,marginal_fail,21,78.37,67.66600000000001
SKV-0343,0,0.08,passed,16,47.62,57.852
SKV-0344,0,0.25,weak_params:arc_length,31,74.2,70.16999999999999
SKV-0345,0,0.08,low_overall_score,13,66.81,63.06
SKV-0346,0,0.5,weak_params:work_angle,30,76.06,78.696
SKV-0347,0,0.08,"weak_params:work_angle,travel_angle,travel_speed,contact_tip_distance,arc_length",35,64.93,65.208
SKV-0348,0,0.08,low_overall_score,33,57.07,53.946000000000005
SKV-0349,0,0.25,low_overall_score,27,77.68,62.988
SKV-0350,0,0.08,low_overall_score,24,56.22,59.342000000000006
SKV-0351,0,0.08,low_overall_score,28,58.87,60.938
SKV-0352,0,0.08,low_overall_score,30,23.07,34.618
SKV-0353,0,0.08,passed,35,41.5,42.42
SKV-0354,0,0.08,low_overall_score,25,63.39,61.306
SKV-0355,0,0.08,low_overall_score,31,30.39,30.804
SKV-0356,0,0.25,"weak_params:work_angle,contact_tip_distance,bead_quality",29,67.96,74.574
SKV-0357,1,0.92,passed,23,78.27,84.31800000000001
SKV-0358,0,0.08,"weak_params:work_angle,travel_angle,travel_speed,contact_tip_distance,arc_length,bead_quality",27,55.67,67.386
SKV-0359,0,0.08,low_overall_score,26,43.1,55.88000000000001
SKV-0360,0,0.08,low_overall_score,24,30.4,46.922
SKV-0361,0,0.25,"weak_params:travel_speed,contact_tip_distance",37,74.15,67.364
SKV-0362,0,0.08,"weak_params:work_angle,travel_angle,travel_speed,arc_length",19,64.91,69.02000000000001
SKV-0363,0,0.08,low_overall_score,31,61.41,59.272000000000006
SKV-0364,0,0.08,"weak_params:work_angle,travel_speed,contact_tip_distance,arc_length,bead_quality",30,61.56,68.458
SKV-0365,0,0.08,low_overall_score,24,48.21,50.592
SKV-0366,1,0.75,passed,17,72.76,78.36
SKV-0367,1,0.75,marginal_fail,28,85.59,72.912
SKV-0368,0,0.08,low_overall_score,20,74.36,64.11
SKV-0369,0,0.08,low_overall_score,20,53.49,50.842
SKV-0370,0,0.25,low_overall_score,33,84.92,61.266
SKV-0371,0,0.08,low_overall_score,28,52.88,61.338
SKV-0372,0,0.08,low_overall_score,29,57.03,57.07000000000001
SKV-0373,0,0.08,low_overall_score,20,61.52,59.182
SKV-0374,0,0.08,low_overall_score,35,40.79,47.594
SKV-0375,0,0.08,low_overall_score,32,68.94,55.872
SKV-0376,1,0.92,"weak_params:travel_speed,bead_quality",13,78.79,76.57600000000001
SKV-0377,0,0.08,"weak_params:work_angle,travel_angle,travel_speed,contact_tip_distance,arc_length,bead_quality",32,57.72,68.048
SKV-0378,0,0.08,weak_params:bead_quality,30,72.17,66.14
SKV-0379,0,0.5,inconsistent_performance,24,91.65,73.732
SKV-0380,0,0.08,"weak_params:work_angle,travel_angle,contact_tip_distance,arc_length,bead_quality",21,62.83,67.964
SKV-0381,1,0.75,passed,37,72.55,78.64000000000001
SKV-0382,0,0.5,passed,29,69.4,74.326
SKV-0383,0,0.08,low_overall_score,24,60.72,62.61600000000001
SKV-0384,0,0.25,passed,37,79.23,67.0
SKV-0385,0,0.25,passed,29,68.76,77.92999999999999
SKV-0386,0,0.08,low_overall_score,24,59.16,63.474
SKV-0387,0,0.08,passed,29,67.98,61.774
SKV-0388,0,0.08,low_overall_score,31,37.33,41.15999999999999
SKV-0389,0,0.08,low_overall_score,20,54.4,52.652
SKV-0390,0,0.08,low_overall_score,20,44.01,48.814
SKV-0391,0,0.25,"weak_params:arc_length,bead_quality",21,76.63,68.34
SKV-0392,1,0.92,weak_params:arc_length,29,85.18,81.31
SKV-0393,0,0.08,low_overall_score,35,60.87,62.336
SKV-0394,1,0.75,inconsistent_performance,35,79.14,76.434
SKV-0395,0,0.08,low_overall_score,21,47.7,55.998000000000005
SKV-0396,0,0.25,low_overall_score,13,72.75,56.776
SKV-0397,0,0.08,passed,39,36.06,54.66
SKV-0398,0,0.08,low_overall_score,22,57.2,53.842
SKV-0399,0,0.08,low_overall_score,34,58.27,53.58
SKV-0400,0,0.08,low_overall_score,39,56.37,63.536
SKV-0401,0,0.08,low_overall_score,25,53.83,54.176
SKV-0402,1,0.92,marginal_fail,36,79.91,73.51799999999999
SKV-0403,0,0.08,low_overall_score,26,57.01,59.65599999999999
SKV-0404,0,0.08,low_overall_score,27,53.89,52.996
SKV-0405,0,0.08,low_overall_score,29,62.34,59.234
SKV-0406,0,0.08,low_overall_score,26,50.1,52.080000000000005
SKV-0407,0,0.08,"weak_params:work_angle,travel_angle,contact_tip_distance,arc_length,bead_quality",24,61.97,65.402
SKV-0408,0,0.25,weak_params:travel_speed,23,81.97,65.774
SKV-0409,0,0.08,low_overall_score,32,74.35,55.59000000000001
SKV-0410,0,0.08,"weak_params:work_angle,travel_angle,travel_speed,arc_length",27,69.19,74.62199999999999
SKV-0411,0,0.25,passed,25,72.92,58.03
SKV-0412,0,0.08,"weak_params:work_angle,travel_angle,contact_tip_distance,bead_quality",28,67.63,66.70599999999999
SKV-0413,0,0.08,low_overall_score,27,39.43,46.942
SKV-0414,0,0.08,passed,29,67.77,67.05799999999999
SKV-0415,0,0.08,low_overall_score,23,58.55,63.534000000000006
SKV-0416,0,0.08,low_overall_score,27,67.24,61.69199999999999
SKV-0417,0,0.08,low_overall_score,25,57.13,61.44000000000001
SKV-0418,0,0.08,low_overall_score,20,51.09,47.152
SKV-0419,0,0.08,low_overall_score,22,48.98,58.10600000000001
SKV-0420,0,0.08,low_overall_score,25,45.46,49.31400000000001
SKV-0421,0,0.08,low_overall_score,14,62.36,60.514
SKV-0422,0,0.08,low_overall_score,41,58.0,35.13
SKV-0423,1,0.92,passed,22,82.62,83.144
SKV-0424,0,0.08,low_overall_score,25,49.18,57.010000000000005
SKV-0425,0,0.08,low_overall_score,33,52.86,44.978
SKV-0426,0,0.25,passed,35,67.56,71.488
SKV-0427,0,0.08,low_overall_score,30,49.34,54.322
SKV-0428,0,0.08,low_overall_score,28,47.98,59.998000000000005
SKV-0429,0,0.08,low_overall_score,33,41.02,50.602
SKV-0430,0,0.08,"weak_params:work_angle,travel_angle,travel_speed,arc_length,bead_quality",23,60.67,68.12
SKV-0431,0,0.08,low_overall_score,34,19.36,47.24
SKV-0432,0,0.08,low_overall_score,32,44.22,47.77
SKV-0433,1,0.5,passed,23,82.61,71.162
SKV-0434,0,0.08,passed,20,67.82,70.872
SKV-0435,0,0.08,low_overall_score,25,63.05,64.596
SKV-0436,0,0.25,"weak_params:travel_angle,travel_speed,bead_quality",37,63.81,72.61
SKV-0437,0,0.08,low_overall_score,29,66.9,63.758
SKV-0438,0,0.5,inconsistent_performance,31,80.96,70.244
SKV-0439,0,0.08,low_overall_score,24,42.21,51.948
SKV-0440,1,0.75,"weak_params:travel_angle,arc_length",21,77.93,79.932
SKV-0441,1,0.75,passed,26,82.21,80.124
SKV-0442,0,0.08,low_overall_score,28,61.72,53.324
SKV-0443,1,0.5,inconsistent_performance,24,85.05,70.024
SKV-0444,0,0.08,passed,30,66.9,72.01200000000001
SKV-0445,0,0.08,low_overall_score,24,58.13,53.92
SKV-0446,0,0.08,"weak_params:work_angle,arc_length",30,72.45,65.356
SKV-0447,0,0.25,passed,34,71.24,68.68
SKV-0448,0,0.08,low_overall_score,21,57.63,54.778000000000006
SKV-0449,0,0.25,low_overall_score,26,72.36,59.578
SKV-0450,0,0.08,low_overall_score,32,62.38,64.902
SKV-0451,0,0.08,low_overall_score,32,63.82,63.24399999999999
SKV-0452,0,0.25,low_overall_score,23,68.12,60.638
SKV-0453,0,0.08,low_overall_score,40,51.8,43.614
SKV-0454,0,0.08,passed,25,54.96,60.094
SKV-0455,0,0.08,low_overall_score,25,59.28,62.706
SKV-0456,0,0.25,low_overall_score,30,75.53,63.872
SKV-0457,0,0.08,"weak_params:travel_angle,contact_tip_distance,arc_length,bead_quality",35,61.88,68.792
SKV-0458,0,0.08,low_overall_score,30,54.09,49.776
SKV-0459,0,0.08,low_overall_score,32,66.72,58.404
SKV-0460,0,0.08,weak_params:bead_quality,30,73.68,70.862
SKV-0461,1,0.75,marginal_fail,25,79.39,76.326
SKV-0462,0,0.08,low_overall_score,36,58.64,55.29599999999999
SKV-0463,0,0.08,low_overall_score,28,62.0,55.398
SKV-0464,0,0.08,low_overall_score,23,65.51,52.486
SKV-0465,0,0.25,"weak_params:travel_angle,contact_tip_distance",28,74.66,70.38600000000001
SKV-0466,0,0.08,low_overall_score,26,69.01,60.972
SKV-0467,0,0.08,passed,29,43.89,44.672
SKV-0468,0,0.25,passed,31,75.44,65.546
SKV-0469,0,0.08,low_overall_score,32,68.8,63.156000000000006
SKV-0470,0,0.08,low_overall_score,21,62.66,48.618
SKV-0471,0,0.08,"weak_params:travel_speed,arc_length",17,74.56,74.172
SKV-0472,0,0.08,low_overall_score,36,50.81,48.91
SKV-0473,0,0.08,low_overall_score,28,63.29,60.394000000000005
SKV-0474,0,0.25,passed,23,79.46,75.22
SKV-0475,0,0.08,low_overall_score,30,54.23,47.496
SKV-0476,0,0.08,weak_params:travel_speed,23,75.71,66.28599999999999
SKV-0477,1,0.92,passed,30,87.55,88.896
SKV-0478,0,0.25,low_overall_score,27,71.3,61.682
SKV-0479,1,0.75,passed,31,85.96,82.30199999999999
SKV-0480,1,0.5,"weak_params:travel_speed,contact_tip_distance,bead_quality",22,71.95,68.60600000000001
SKV-0481,0,0.08,low_overall_score,36,54.69,61.21999999999999
SKV-0482,0,0.08,"weak_params:work_angle,travel_angle,arc_length,bead_quality",22,66.44,71.936
SKV-0483,1,0.75,passed,24,81.68,80.502
SKV-0484,0,0.08,"weak_params:work_angle,travel_angle,travel_speed,contact_tip_distance,arc_length",29,54.54,65.72600000000001
SKV-0485,0,0.08,low_overall_score,37,61.39,55.268
SKV-0486,0,0.08,low_overall_score,22,55.49,49.028
SKV-0487,1,0.92,marginal_fail,29,79.86,73.91
SKV-0488,0,0.25,weak_params:bead_quality,31,75.9,71.66400000000002
SKV-0489,0,0.25,"weak_params:work_angle,travel_angle,contact_tip_distance,arc_length",26,63.0,71.014
SKV-0490,0,0.08,low_overall_score,20,62.55,63.37800000000001
SKV-0491,0,0.08,passed,31,60.03,52.474
SKV-0492,0,0.08,low_overall_score,33,67.18,61.746
SKV-0493,0,0.08,"weak_params:travel_angle,arc_length,bead_quality",24,67.62,67.962
SKV-0494,0,0.08,passed,30,56.4,50.85
SKV-0495,0,0.08,low_overall_score,21,71.37,63.776
SKV-0496,0,0.08,passed,39,56.63,61.61600000000001
SKV-0497,0,0.25,low_overall_score,28,77.01,61.81600000000001
SKV-0498,0,0.08,low_overall_score,25,58.58,52.726
SKV-0499,0,0.08,low_overall_score,35,41.7,44.23199999999999
SKV-0500,0,0.08,passed,30,70.87,65.21000000000001
SKV-0501,0,0.08,"weak_params:work_angle,travel_angle,travel_speed",20,68.33,69.734
SKV-0502,1,0.92,passed,31,94.02,87.866
SKV-0503,0,0.08,low_overall_score,25,57.49,60.042
SKV-0504,0,0.08,low_overall_score,25,52.46,62.626
SKV-0505,0,0.08,low_overall_score,26,48.04,47.834
SKV-0506,0,0.08,low_overall_score,25,40.55,55.634
SKV-0507,0,0.08,low_overall_score,15,58.64,63.88
SKV-0508,0,0.08,low_overall_score,26,66.42,59.69200000000001
SKV-0509,0,0.25,passed,15,70.06,62.86800000000001
SKV-0510,0,0.5,"weak_params:work_angle,arc_length",28,72.22,74.174
SKV-0511,0,0.08,"weak_params:travel_angle,travel_speed,contact_tip_distance,arc_length",26,69.51,66.546
SKV-0512,0,0.5,low_overall_score,35,76.63,57.64
SKV-0513,0,0.08,low_overall_score,25,70.68,64.01
SKV-0514,0,0.25,"weak_params:travel_angle,travel_speed,arc_length",23,73.72,71.376
SKV-0515,0,0.08,low_overall_score,14,63.43,61.234
SKV-0516,0,0.08,passed,29,57.56,56.652
SKV-0517,1,0.75,weak_params:travel_speed,27,78.58,77.708
SKV-0518,0,0.08,"weak_params:work_angle,travel_angle,travel_speed,contact_tip_distance,bead_quality",35,64.02,68.01599999999999
SKV-0519,1,0.92,marginal_fail,31,78.4,82.02799999999999
SKV-0520,0,0.08,"weak_params:work_angle,travel_angle,travel_speed,contact_tip_distance,arc_length,bead_quality",31,59.9,65.452
SKV-0521,0,0.08,"weak_params:work_angle,travel_angle,travel_speed,contact_tip_distance,arc_length",23,63.51,67.988
SKV-0522,0,0.08,passed,21,63.14,51.760000000000005
SKV-0523,0,0.08,low_overall_score,23,63.05,63.112
SKV-0524,0,0.08,low_overall_score,34,44.18,48.678
SKV-0525,0,0.08,low_overall_score,24,63.43,63.814
SKV-0526,0,0.08,low_overall_score,34,45.21,44.940000000000005
SKV-0527,0,0.08,low_overall_score,34,68.67,61.60200000000001
SKV-0528,0,0.08,low_overall_score,23,57.49,56.266
SKV-0529,0,0.25,low_overall_score,18,77.49,62.644000000000005
SKV-0530,0,0.08,low_overall_score,25,67.85,62.182
SKV-0531,0,0.08,low_overall_score,30,71.23,55.028
SKV-0532,1,0.92,passed,20,78.67,75.036
SKV-0533,0,0.25,passed,32,78.63,62.086
SKV-0534,1,0.75,inconsistent_performance,31,82.26,71.41
SKV-0535,0,0.25,passed,26,67.75,66.73400000000001
SKV-0536,0,0.08,low_overall_score,20,63.73,55.926
SKV-0537,0,0.25,low_overall_score,25,71.71,63.7
SKV-0538,0,0.25,"weak_params:travel_angle,travel_speed,arc_length",33,68.66,70.098
SKV-0539,0,0.08,low_overall_score,20,55.38,55.252
SKV-0540,1,0.75,marginal_fail,32,80.5,70.554
SKV-0541,0,0.08,low_overall_score,25,58.27,59.022000000000006
SKV-0542,0,0.25,"weak_params:travel_angle,travel_speed,contact_tip_distance,arc_length,bead_quality",35,67.44,73.434
SKV-0543,0,0.08,"weak_params:work_angle,travel_speed,contact_tip_distance,arc_length,bead_quality",29,58.56,65.106
SKV-0544,0,0.08,"weak_params:travel_speed,arc_length,bead_quality",26,67.95,65.392
SKV-0545,0,0.08,low_overall_score,27,51.03,50.582
SKV-0546,0,0.08,low_overall_score,29,58.31,53.736
SKV-0547,0,0.08,low_overall_score,20,66.17,59.154
SKV-0548,0,0.08,low_overall_score,20,60.74,63.24
SKV-0549,0,0.25,"weak_params:work_angle,arc_length",26,74.29,72.296
SKV-0550,0,0.08,low_overall_score,34,44.57,49.316
SKV-0551,1,0.92,passed,28,87.32,82.78
SKV-0552,1,0.92,passed,31,82.51,79.284
SKV-0553,0,0.08,low_overall_score,26,52.18,50.48
SKV-0554,0,0.08,low_overall_score,23,57.11,60.04200000000001
SKV-0555,0,0.08,passed,27,58.5,52.724
SKV-0556,0,0.08,low_overall_score,15,67.55,62.042
SKV-0557,0,0.08,passed,24,58.0,56.146
SKV-0558,0,0.5,"weak_params:travel_angle,arc_length",26,72.59,71.83399999999999
SKV-0559,0,0.08,low_overall_score,42,20.78,30.360000000000003
SKV-0560,0,0.08,passed,25,61.18,68.974
SKV-0561,1,0.75,inconsistent_performance,22,86.62,69.75
SKV-0562,0,0.08,low_overall_score,23,63.33,62.94200000000001
SKV-0563,0,0.08,low_overall_score,32,49.5,42.874
SKV-0564,0,0.25,"weak_params:work_angle,travel_angle,arc_length,bead_quality",34,69.7,65.142
SKV-0565,0,0.25,weak_params:travel_angle,20,74.28,74.352
SKV-0566,1,0.75,inconsistent_performance,29,85.79,71.468
SKV-0567,0,0.25,passed,28,62.51,78.806
SKV-0568,1,0.75,weak_params:contact_tip_distance,27,76.83,68.454
SKV-0569,0,0.08,passed,30,57.09,63.960000000000015
SKV-0570,0,0.08,"weak_params:work_angle,travel_angle,arc_length",23,67.09,65.072
SKV-0571,0,0.25,"weak_params:travel_speed,bead_quality",28,73.74,65.312
SKV-0572,0,0.08,"weak_params:work_angle,travel_angle,travel_speed,contact_tip_distance,arc_length,bead_quality",30,59.06,65.216
SKV-0573,0,0.08,low_overall_score,36,69.72,55.44000000000001
SKV-0574,0,0.08,low_overall_score,31,40.24,36.764
SKV-0575,0,0.08,low_overall_score,32,44.19,54.42
SKV-0576,0,0.08,passed,34,67.55,66.95
SKV-0577,1,0.75,inconsistent_performance,25,85.78,71.84
SKV-0578,0,0.08,low_overall_score,23,60.95,59.386
SKV-0579,0,0.08,passed,23,65.18,69.286
SKV-0580,0,0.08,passed,29,41.53,52.334
SKV-0581,0,0.08,low_overall_score,24,60.27,59.914
SKV-0582,0,0.08,low_overall_score,27,54.06,52.42
SKV-0583,0,0.08,low_overall_score,39,34.28,48.164
SKV-0584,0,0.08,low_overall_score,31,59.74,60.156000000000006
SKV-0585,0,0.08,"weak_params:work_angle,travel_angle,travel_speed,contact_tip_distance,arc_length,bead_quality",21,55.77,65.64399999999999
SKV-0586,0,0.08,low_overall_score,25,54.32,45.992
SKV-0587,0,0.08,low_overall_score,28,47.92,55.830000000000005
SKV-0588,0,0.08,"weak_params:work_angle,travel_speed,contact_tip_distance",21,72.55,66.382
SKV-0589,0,0.08,low_overall_score,34,65.21,53.64799999999999
SKV-0590,0,0.08,"weak_params:travel_angle,contact_tip_distance,bead_quality",27,69.32,66.792
SKV-0591,0,0.08,low_overall_score,25,69.48,58.956
SKV-0592,0,0.08,low_overall_score,20,58.48,59.74
SKV-0593,1,0.5,passed,28,72.32,77.298
SKV-0594,0,0.08,low_overall_score,33,36.58,41.03
SKV-0595,0,0.08,low_overall_score,33,55.61,51.106
SKV-0596,0,0.25,passed,17,65.84,67.41000000000001
SKV-0597,0,0.08,low_overall_score,37,35.44,39.492
SKV-0598,0,0.08,low_overall_score,38,45.68,56.768
SKV-0599,0,0.08,low_overall_score,31,37.44,45.544
SKV-0600,0,0.08,low_overall_score,30,60.63,63.708000000000006
